Country,Subject Descriptor,Units,Scale,Country/Series-specific Notes,2006,Estimates Start After
Islamic Republic of Afghanistan,Gross domestic product based on purchasing-power-parity (PPP) valuation of country GDP,Current international dollar,Billions,"See notes for:  Gross domestic product, current prices (National currency).",16.56,2010.00
Islamic Republic of Afghanistan,Gross domestic product based on purchasing-power-parity (PPP) per capita GDP,Current international dollar,Units,"See notes for:  Gross domestic product, current prices (National currency) Population (Persons).",620.23,2007.00
Albania,Gross domestic product based on purchasing-power-parity (PPP) valuation of country GDP,Current international dollar,Billions,"See notes for:  Gross domestic product, current prices (National currency).",18.26,2010.00
Albania,Gross domestic product based on purchasing-power-parity (PPP) per capita GDP,Current international dollar,Units,"See notes for:  Gross domestic product, current prices (National currency) Population (Persons).",5799.44,2008.00
Algeria,Gross domestic product based on purchasing-power-parity (PPP) valuation of country GDP,Current international dollar,Billions,"See notes for:  Gross domestic product, current prices (National currency).",209.97,2010.00
Algeria,Gross domestic product based on purchasing-power-parity (PPP) per capita GDP,Current international dollar,Units,"See notes for:  Gross domestic product, current prices (National currency) Population (Persons).",6295.67,2010.00
Angola,Gross domestic product based on purchasing-power-parity (PPP) valuation of country GDP,Current international dollar,Billions,"See notes for:  Gross domestic product, current prices (National currency).",68.94,2009.00
Angola,Gross domestic product based on purchasing-power-parity (PPP) per capita GDP,Current international dollar,Units,"See notes for:  Gross domestic product, current prices (National currency) Population (Persons).",4034.31,2000.00
Antigua and Barbuda,Gross domestic product based on purchasing-power-parity (PPP) valuation of country GDP,Current international dollar,Billions,"See notes for:  Gross domestic product, current prices (National currency).",1.62,2010.00
Antigua and Barbuda,Gross domestic product based on purchasing-power-parity (PPP) per capita GDP,Current international dollar,Units,"See notes for:  Gross domestic product, current prices (National currency) Population (Persons).",19164.13,2009.00
Argentina,Gross domestic product based on purchasing-power-parity (PPP) valuation of country GDP,Current international dollar,Billions,"See notes for:  Gross domestic product, current prices (National currency).",469.27,2010.00
Argentina,Gross domestic product based on purchasing-power-parity (PPP) per capita GDP,Current international dollar,Units,"See notes for:  Gross domestic product, current prices (National currency) Population (Persons).",12041.58,2006.00
Armenia,Gross domestic product based on purchasing-power-parity (PPP) valuation of country GDP,Current international dollar,Billions,"See notes for:  Gross domestic product, current prices (National currency).",14.68,2011.00
Armenia,Gross domestic product based on purchasing-power-parity (PPP) per capita GDP,Current international dollar,Units,"See notes for:  Gross domestic product, current prices (National currency) Population (Persons).",4556.36,2011.00
Australia,Gross domestic product based on purchasing-power-parity (PPP) valuation of country GDP,Current international dollar,Billions,"See notes for:  Gross domestic product, current prices (National currency).",731.76,2011.00
Australia,Gross domestic product based on purchasing-power-parity (PPP) per capita GDP,Current international dollar,Units,"See notes for:  Gross domestic product, current prices (National currency) Population (Persons).",35056.46,2011.00
Austria,Gross domestic product based on purchasing-power-parity (PPP) valuation of country GDP,Current international dollar,Billions,"See notes for:  Gross domestic product, current prices (National currency).",300.42,2011.00
Austria,Gross domestic product based on purchasing-power-parity (PPP) per capita GDP,Current international dollar,Units,"See notes for:  Gross domestic product, current prices (National currency) Population (Persons).",36335.42,2011.00
Azerbaijan,Gross domestic product based on purchasing-power-parity (PPP) valuation of country GDP,Current international dollar,Billions,"See notes for:  Gross domestic product, current prices (National currency).",53.28,2011.00
Azerbaijan,Gross domestic product based on purchasing-power-parity (PPP) per capita GDP,Current international dollar,Units,"See notes for:  Gross domestic product, current prices (National currency) Population (Persons).",6119.38,2009.00
The Bahamas,Gross domestic product based on purchasing-power-parity (PPP) valuation of country GDP,Current international dollar,Billions,"See notes for:  Gross domestic product, current prices (National currency).",10.07,2010.00
The Bahamas,Gross domestic product based on purchasing-power-parity (PPP) per capita GDP,Current international dollar,Units,"See notes for:  Gross domestic product, current prices (National currency) Population (Persons).",30610.97,2008.00
Bahrain,Gross domestic product based on purchasing-power-parity (PPP) valuation of country GDP,Current international dollar,Billions,"See notes for:  Gross domestic product, current prices (National currency).",22.42,2010.00
Bahrain,Gross domestic product based on purchasing-power-parity (PPP) per capita GDP,Current international dollar,Units,"See notes for:  Gross domestic product, current prices (National currency) Population (Persons).",29924.79,2010.00
Bangladesh,Gross domestic product based on purchasing-power-parity (PPP) valuation of country GDP,Current international dollar,Billions,"See notes for:  Gross domestic product, current prices (National currency).",190.95,2010.00
Bangladesh,Gross domestic product based on purchasing-power-parity (PPP) per capita GDP,Current international dollar,Units,"See notes for:  Gross domestic product, current prices (National currency) Population (Persons).",1228.27,2010.00
Barbados,Gross domestic product based on purchasing-power-parity (PPP) valuation of country GDP,Current international dollar,Billions,"See notes for:  Gross domestic product, current prices (National currency).",5.91,2010.00
Barbados,Gross domestic product based on purchasing-power-parity (PPP) per capita GDP,Current international dollar,Units,"See notes for:  Gross domestic product, current prices (National currency) Population (Persons).",21576.26,2009.00
Belarus,Gross domestic product based on purchasing-power-parity (PPP) valuation of country GDP,Current international dollar,Billions,"See notes for:  Gross domestic product, current prices (National currency).",94.81,2010.00
Belarus,Gross domestic product based on purchasing-power-parity (PPP) per capita GDP,Current international dollar,Units,"See notes for:  Gross domestic product, current prices (National currency) Population (Persons).",9759.79,2010.00
Belgium,Gross domestic product based on purchasing-power-parity (PPP) valuation of country GDP,Current international dollar,Billions,"See notes for:  Gross domestic product, current prices (National currency).",357.84,2011.00
Belgium,Gross domestic product based on purchasing-power-parity (PPP) per capita GDP,Current international dollar,Units,"See notes for:  Gross domestic product, current prices (National currency) Population (Persons).",34043.01,2011.00
Belize,Gross domestic product based on purchasing-power-parity (PPP) valuation of country GDP,Current international dollar,Billions,"See notes for:  Gross domestic product, current prices (National currency).",2.31,2010.00
Belize,Gross domestic product based on purchasing-power-parity (PPP) per capita GDP,Current international dollar,Units,"See notes for:  Gross domestic product, current prices (National currency) Population (Persons).",7703.26,2010.00
Benin,Gross domestic product based on purchasing-power-parity (PPP) valuation of country GDP,Current international dollar,Billions,"See notes for:  Gross domestic product, current prices (National currency).",11.21,2010.00
Benin,Gross domestic product based on purchasing-power-parity (PPP) per capita GDP,Current international dollar,Units,"See notes for:  Gross domestic product, current prices (National currency) Population (Persons).",1298.43,2010.00
Bhutan,Gross domestic product based on purchasing-power-parity (PPP) valuation of country GDP,Current international dollar,Billions,"See notes for:  Gross domestic product, current prices (National currency).",2.53,0.00
Bhutan,Gross domestic product based on purchasing-power-parity (PPP) per capita GDP,Current international dollar,Units,"See notes for:  Gross domestic product, current prices (National currency) Population (Persons).",3811.69,0.00
Bolivia,Gross domestic product based on purchasing-power-parity (PPP) valuation of country GDP,Current international dollar,Billions,"See notes for:  Gross domestic product, current prices (National currency).",36.66,2009.00
Bolivia,Gross domestic product based on purchasing-power-parity (PPP) per capita GDP,Current international dollar,Units,"See notes for:  Gross domestic product, current prices (National currency) Population (Persons).",3807.92,2004.00
Bosnia and Herzegovina,Gross domestic product based on purchasing-power-parity (PPP) valuation of country GDP,Current international dollar,Billions,"See notes for:  Gross domestic product, current prices (National currency).",25.82,2010.00
Bosnia and Herzegovina,Gross domestic product based on purchasing-power-parity (PPP) per capita GDP,Current international dollar,Units,"See notes for:  Gross domestic product, current prices (National currency) Population (Persons).",6588.21,2010.00
Botswana,Gross domestic product based on purchasing-power-parity (PPP) valuation of country GDP,Current international dollar,Billions,"See notes for:  Gross domestic product, current prices (National currency).",23.51,2010.00
Botswana,Gross domestic product based on purchasing-power-parity (PPP) per capita GDP,Current international dollar,Units,"See notes for:  Gross domestic product, current prices (National currency) Population (Persons).",13471.56,2008.00
Brazil,Gross domestic product based on purchasing-power-parity (PPP) valuation of country GDP,Current international dollar,Billions,"See notes for:  Gross domestic product, current prices (National currency).",1700.51,2011.00
Brazil,Gross domestic product based on purchasing-power-parity (PPP) per capita GDP,Current international dollar,Units,"See notes for:  Gross domestic product, current prices (National currency) Population (Persons).",9164.00,2010.00
Brunei Darussalam,Gross domestic product based on purchasing-power-parity (PPP) valuation of country GDP,Current international dollar,Billions,"See notes for:  Gross domestic product, current prices (National currency).",18.93,2010.00
Brunei Darussalam,Gross domestic product based on purchasing-power-parity (PPP) per capita GDP,Current international dollar,Units,"See notes for:  Gross domestic product, current prices (National currency) Population (Persons).",49430.82,2010.00
Bulgaria,Gross domestic product based on purchasing-power-parity (PPP) valuation of country GDP,Current international dollar,Billions,"See notes for:  Gross domestic product, current prices (National currency).",84.37,2011.00
Bulgaria,Gross domestic product based on purchasing-power-parity (PPP) per capita GDP,Current international dollar,Units,"See notes for:  Gross domestic product, current prices (National currency) Population (Persons).",10986.32,2010.00
Burkina Faso,Gross domestic product based on purchasing-power-parity (PPP) valuation of country GDP,Current international dollar,Billions,"See notes for:  Gross domestic product, current prices (National currency).",15.68,2010.00
Burkina Faso,Gross domestic product based on purchasing-power-parity (PPP) per capita GDP,Current international dollar,Units,"See notes for:  Gross domestic product, current prices (National currency) Population (Persons).",1168.21,2010.00
Burundi,Gross domestic product based on purchasing-power-parity (PPP) valuation of country GDP,Current international dollar,Billions,"See notes for:  Gross domestic product, current prices (National currency).",3.83,2009.00
Burundi,Gross domestic product based on purchasing-power-parity (PPP) per capita GDP,Current international dollar,Units,"See notes for:  Gross domestic product, current prices (National currency) Population (Persons).",501.67,0.00
Cambodia,Gross domestic product based on purchasing-power-parity (PPP) valuation of country GDP,Current international dollar,Billions,"See notes for:  Gross domestic product, current prices (National currency).",23.03,2011.00
Cambodia,Gross domestic product based on purchasing-power-parity (PPP) per capita GDP,Current international dollar,Units,"See notes for:  Gross domestic product, current prices (National currency) Population (Persons).",1626.35,2008.00
Cameroon,Gross domestic product based on purchasing-power-parity (PPP) valuation of country GDP,Current international dollar,Billions,"See notes for:  Gross domestic product, current prices (National currency).",37.14,2010.00
Cameroon,Gross domestic product based on purchasing-power-parity (PPP) per capita GDP,Current international dollar,Units,"See notes for:  Gross domestic product, current prices (National currency) Population (Persons).",2025.07,2010.00
Canada,Gross domestic product based on purchasing-power-parity (PPP) valuation of country GDP,Current international dollar,Billions,"See notes for:  Gross domestic product, current prices (National currency).",1201.57,2011.00
Canada,Gross domestic product based on purchasing-power-parity (PPP) per capita GDP,Current international dollar,Units,"See notes for:  Gross domestic product, current prices (National currency) Population (Persons).",36933.86,2011.00
Cape Verde,Gross domestic product based on purchasing-power-parity (PPP) valuation of country GDP,Current international dollar,Billions,"See notes for:  Gross domestic product, current prices (National currency).",1.41,2008.00
Cape Verde,Gross domestic product based on purchasing-power-parity (PPP) per capita GDP,Current international dollar,Units,"See notes for:  Gross domestic product, current prices (National currency) Population (Persons).",2915.08,2007.00
Central African Republic,Gross domestic product based on purchasing-power-parity (PPP) valuation of country GDP,Current international dollar,Billions,"See notes for:  Gross domestic product, current prices (National currency).",2.89,2010.00
Central African Republic,Gross domestic product based on purchasing-power-parity (PPP) per capita GDP,Current international dollar,Units,"See notes for:  Gross domestic product, current prices (National currency) Population (Persons).",691.17,2004.00
Chad,Gross domestic product based on purchasing-power-parity (PPP) valuation of country GDP,Current international dollar,Billions,"See notes for:  Gross domestic product, current prices (National currency).",15.40,2010.00
Chad,Gross domestic product based on purchasing-power-parity (PPP) per capita GDP,Current international dollar,Units,"See notes for:  Gross domestic product, current prices (National currency) Population (Persons).",1662.72,2004.00
Chile,Gross domestic product based on purchasing-power-parity (PPP) valuation of country GDP,Current international dollar,Billions,"See notes for:  Gross domestic product, current prices (National currency).",225.84,2011.00
Chile,Gross domestic product based on purchasing-power-parity (PPP) per capita GDP,Current international dollar,Units,"See notes for:  Gross domestic product, current prices (National currency) Population (Persons).",13758.86,2009.00
China,Gross domestic product based on purchasing-power-parity (PPP) valuation of country GDP,Current international dollar,Billions,"See notes for:  Gross domestic product, current prices (National currency).",6239.57,2011.00
China,Gross domestic product based on purchasing-power-parity (PPP) per capita GDP,Current international dollar,Units,"See notes for:  Gross domestic product, current prices (National currency) Population (Persons).",4746.80,2011.00
Colombia,Gross domestic product based on purchasing-power-parity (PPP) valuation of country GDP,Current international dollar,Billions,"See notes for:  Gross domestic product, current prices (National currency).",346.72,2009.00
Colombia,Gross domestic product based on purchasing-power-parity (PPP) per capita GDP,Current international dollar,Units,"See notes for:  Gross domestic product, current prices (National currency) Population (Persons).",7987.88,2009.00
Comoros,Gross domestic product based on purchasing-power-parity (PPP) valuation of country GDP,Current international dollar,Billions,"See notes for:  Gross domestic product, current prices (National currency).",0.71,2010.00
Comoros,Gross domestic product based on purchasing-power-parity (PPP) per capita GDP,Current international dollar,Units,"See notes for:  Gross domestic product, current prices (National currency) Population (Persons).",1154.66,2003.00
Democratic Republic of Congo,Gross domestic product based on purchasing-power-parity (PPP) valuation of country GDP,Current international dollar,Billions,"See notes for:  Gross domestic product, current prices (National currency).",17.34,2008.00
Democratic Republic of Congo,Gross domestic product based on purchasing-power-parity (PPP) per capita GDP,Current international dollar,Units,"See notes for:  Gross domestic product, current prices (National currency) Population (Persons).",276.92,1983.00
Republic of Congo,Gross domestic product based on purchasing-power-parity (PPP) valuation of country GDP,Current international dollar,Billions,"See notes for:  Gross domestic product, current prices (National currency).",13.10,2009.00
Republic of Congo,Gross domestic product based on purchasing-power-parity (PPP) per capita GDP,Current international dollar,Units,"See notes for:  Gross domestic product, current prices (National currency) Population (Persons).",3800.70,2004.00
Costa Rica,Gross domestic product based on purchasing-power-parity (PPP) valuation of country GDP,Current international dollar,Billions,"See notes for:  Gross domestic product, current prices (National currency).",41.87,2010.00
Costa Rica,Gross domestic product based on purchasing-power-parity (PPP) per capita GDP,Current international dollar,Units,"See notes for:  Gross domestic product, current prices (National currency) Population (Persons).",9615.90,2010.00
Côte d'Ivoire,Gross domestic product based on purchasing-power-parity (PPP) valuation of country GDP,Current international dollar,Billions,"See notes for:  Gross domestic product, current prices (National currency).",31.22,2011.00
Côte d'Ivoire,Gross domestic product based on purchasing-power-parity (PPP) per capita GDP,Current international dollar,Units,"See notes for:  Gross domestic product, current prices (National currency) Population (Persons).",1595.26,2009.00
Croatia,Gross domestic product based on purchasing-power-parity (PPP) valuation of country GDP,Current international dollar,Billions,"See notes for:  Gross domestic product, current prices (National currency).",73.40,2011.00
Croatia,Gross domestic product based on purchasing-power-parity (PPP) per capita GDP,Current international dollar,Units,"See notes for:  Gross domestic product, current prices (National currency) Population (Persons).",16531.69,2010.00
Cyprus,Gross domestic product based on purchasing-power-parity (PPP) valuation of country GDP,Current international dollar,Billions,"See notes for:  Gross domestic product, current prices (National currency).",19.90,2010.00
Cyprus,Gross domestic product based on purchasing-power-parity (PPP) per capita GDP,Current international dollar,Units,"See notes for:  Gross domestic product, current prices (National currency) Population (Persons).",25959.90,2010.00
Czech Republic,Gross domestic product based on purchasing-power-parity (PPP) valuation of country GDP,Current international dollar,Billions,"See notes for:  Gross domestic product, current prices (National currency).",239.15,2011.00
Czech Republic,Gross domestic product based on purchasing-power-parity (PPP) per capita GDP,Current international dollar,Units,"See notes for:  Gross domestic product, current prices (National currency) Population (Persons).",23329.21,2010.00
Denmark,Gross domestic product based on purchasing-power-parity (PPP) valuation of country GDP,Current international dollar,Billions,"See notes for:  Gross domestic product, current prices (National currency).",193.65,2011.00
Denmark,Gross domestic product based on purchasing-power-parity (PPP) per capita GDP,Current international dollar,Units,"See notes for:  Gross domestic product, current prices (National currency) Population (Persons).",35680.23,2011.00
Djibouti,Gross domestic product based on purchasing-power-parity (PPP) valuation of country GDP,Current international dollar,Billions,"See notes for:  Gross domestic product, current prices (National currency).",1.61,1999.00
Djibouti,Gross domestic product based on purchasing-power-parity (PPP) per capita GDP,Current international dollar,Units,"See notes for:  Gross domestic product, current prices (National currency) Population (Persons).",2155.34,0.00
Dominica,Gross domestic product based on purchasing-power-parity (PPP) valuation of country GDP,Current international dollar,Billions,"See notes for:  Gross domestic product, current prices (National currency).",0.79,2010.00
Dominica,Gross domestic product based on purchasing-power-parity (PPP) per capita GDP,Current international dollar,Units,"See notes for:  Gross domestic product, current prices (National currency) Population (Persons).",11183.63,2010.00
Dominican Republic,Gross domestic product based on purchasing-power-parity (PPP) valuation of country GDP,Current international dollar,Billions,"See notes for:  Gross domestic product, current prices (National currency).",63.95,2010.00
Dominican Republic,Gross domestic product based on purchasing-power-parity (PPP) per capita GDP,Current international dollar,Units,"See notes for:  Gross domestic product, current prices (National currency) Population (Persons).",6954.52,2004.00
Ecuador,Gross domestic product based on purchasing-power-parity (PPP) valuation of country GDP,Current international dollar,Billions,"See notes for:  Gross domestic product, current prices (National currency).",94.64,2010.00
Ecuador,Gross domestic product based on purchasing-power-parity (PPP) per capita GDP,Current international dollar,Units,"See notes for:  Gross domestic product, current prices (National currency) Population (Persons).",6789.21,2010.00
Egypt,Gross domestic product based on purchasing-power-parity (PPP) valuation of country GDP,Current international dollar,Billions,"See notes for:  Gross domestic product, current prices (National currency).",367.67,2011.00
Egypt,Gross domestic product based on purchasing-power-parity (PPP) per capita GDP,Current international dollar,Units,"See notes for:  Gross domestic product, current prices (National currency) Population (Persons).",5156.67,2010.00
El Salvador,Gross domestic product based on purchasing-power-parity (PPP) valuation of country GDP,Current international dollar,Billions,"See notes for:  Gross domestic product, current prices (National currency).",38.75,2010.00
El Salvador,Gross domestic product based on purchasing-power-parity (PPP) per capita GDP,Current international dollar,Units,"See notes for:  Gross domestic product, current prices (National currency) Population (Persons).",6792.00,2007.00
Equatorial Guinea,Gross domestic product based on purchasing-power-parity (PPP) valuation of country GDP,Current international dollar,Billions,"See notes for:  Gross domestic product, current prices (National currency).",15.76,2010.00
Equatorial Guinea,Gross domestic product based on purchasing-power-parity (PPP) per capita GDP,Current international dollar,Units,"See notes for:  Gross domestic product, current prices (National currency) Population (Persons).",13462.09,2010.00
Eritrea,Gross domestic product based on purchasing-power-parity (PPP) valuation of country GDP,Current international dollar,Billions,"See notes for:  Gross domestic product, current prices (National currency).",3.48,2006.00
Eritrea,Gross domestic product based on purchasing-power-parity (PPP) per capita GDP,Current international dollar,Units,"See notes for:  Gross domestic product, current prices (National currency) Population (Persons).",741.98,2006.00
Estonia,Gross domestic product based on purchasing-power-parity (PPP) valuation of country GDP,Current international dollar,Billions,"See notes for:  Gross domestic product, current prices (National currency).",25.45,2011.00
Estonia,Gross domestic product based on purchasing-power-parity (PPP) per capita GDP,Current international dollar,Units,"See notes for:  Gross domestic product, current prices (National currency) Population (Persons).",18927.36,2011.00
Ethiopia,Gross domestic product based on purchasing-power-parity (PPP) valuation of country GDP,Current international dollar,Billions,"See notes for:  Gross domestic product, current prices (National currency).",54.39,2011.00
Ethiopia,Gross domestic product based on purchasing-power-parity (PPP) per capita GDP,Current international dollar,Units,"See notes for:  Gross domestic product, current prices (National currency) Population (Persons).",709.80,2008.00
Fiji,Gross domestic product based on purchasing-power-parity (PPP) valuation of country GDP,Current international dollar,Billions,"See notes for:  Gross domestic product, current prices (National currency).",3.74,2007.00
Fiji,Gross domestic product based on purchasing-power-parity (PPP) per capita GDP,Current international dollar,Units,"See notes for:  Gross domestic product, current prices (National currency) Population (Persons).",4336.92,2007.00
Finland,Gross domestic product based on purchasing-power-parity (PPP) valuation of country GDP,Current international dollar,Billions,"See notes for:  Gross domestic product, current prices (National currency).",172.54,2011.00
Finland,Gross domestic product based on purchasing-power-parity (PPP) per capita GDP,Current international dollar,Units,"See notes for:  Gross domestic product, current prices (National currency) Population (Persons).",32697.44,2010.00
France,Gross domestic product based on purchasing-power-parity (PPP) valuation of country GDP,Current international dollar,Billions,"See notes for:  Gross domestic product, current prices (National currency).",1971.46,2011.00
France,Gross domestic product based on purchasing-power-parity (PPP) per capita GDP,Current international dollar,Units,"See notes for:  Gross domestic product, current prices (National currency) Population (Persons).",32005.53,2011.00
Gabon,Gross domestic product based on purchasing-power-parity (PPP) valuation of country GDP,Current international dollar,Billions,"See notes for:  Gross domestic product, current prices (National currency).",18.63,2008.00
Gabon,Gross domestic product based on purchasing-power-parity (PPP) per capita GDP,Current international dollar,Units,"See notes for:  Gross domestic product, current prices (National currency) Population (Persons).",13329.39,0.00
The Gambia,Gross domestic product based on purchasing-power-parity (PPP) valuation of country GDP,Current international dollar,Billions,"See notes for:  Gross domestic product, current prices (National currency).",2.48,2010.00
The Gambia,Gross domestic product based on purchasing-power-parity (PPP) per capita GDP,Current international dollar,Units,"See notes for:  Gross domestic product, current prices (National currency) Population (Persons).",1575.71,2010.00
Georgia,Gross domestic product based on purchasing-power-parity (PPP) valuation of country GDP,Current international dollar,Billions,"See notes for:  Gross domestic product, current prices (National currency).",17.78,2010.00
Georgia,Gross domestic product based on purchasing-power-parity (PPP) per capita GDP,Current international dollar,Units,"See notes for:  Gross domestic product, current prices (National currency) Population (Persons).",4039.94,2009.00
Germany,Gross domestic product based on purchasing-power-parity (PPP) valuation of country GDP,Current international dollar,Billions,"See notes for:  Gross domestic product, current prices (National currency).",2672.72,2011.00
Germany,Gross domestic product based on purchasing-power-parity (PPP) per capita GDP,Current international dollar,Units,"See notes for:  Gross domestic product, current prices (National currency) Population (Persons).",32449.40,2011.00
Ghana,Gross domestic product based on purchasing-power-parity (PPP) valuation of country GDP,Current international dollar,Billions,"See notes for:  Gross domestic product, current prices (National currency).",46.45,2010.00
Ghana,Gross domestic product based on purchasing-power-parity (PPP) per capita GDP,Current international dollar,Units,"See notes for:  Gross domestic product, current prices (National currency) Population (Persons).",2168.44,0.00
Greece,Gross domestic product based on purchasing-power-parity (PPP) valuation of country GDP,Current international dollar,Billions,"See notes for:  Gross domestic product, current prices (National currency).",299.62,2010.00
Greece,Gross domestic product based on purchasing-power-parity (PPP) per capita GDP,Current international dollar,Units,"See notes for:  Gross domestic product, current prices (National currency) Population (Persons).",27024.65,2010.00
Grenada,Gross domestic product based on purchasing-power-parity (PPP) valuation of country GDP,Current international dollar,Billions,"See notes for:  Gross domestic product, current prices (National currency).",1.30,2010.00
Grenada,Gross domestic product based on purchasing-power-parity (PPP) per capita GDP,Current international dollar,Units,"See notes for:  Gross domestic product, current prices (National currency) Population (Persons).",12598.85,2009.00
Guatemala,Gross domestic product based on purchasing-power-parity (PPP) valuation of country GDP,Current international dollar,Billions,"See notes for:  Gross domestic product, current prices (National currency).",57.77,2009.00
Guatemala,Gross domestic product based on purchasing-power-parity (PPP) per capita GDP,Current international dollar,Units,"See notes for:  Gross domestic product, current prices (National currency) Population (Persons).",4434.16,2005.00
Guinea,Gross domestic product based on purchasing-power-parity (PPP) valuation of country GDP,Current international dollar,Billions,"See notes for:  Gross domestic product, current prices (National currency).",9.29,2009.00
Guinea,Gross domestic product based on purchasing-power-parity (PPP) per capita GDP,Current international dollar,Units,"See notes for:  Gross domestic product, current prices (National currency) Population (Persons).",986.85,2009.00
Guinea-Bissau,Gross domestic product based on purchasing-power-parity (PPP) valuation of country GDP,Current international dollar,Billions,"See notes for:  Gross domestic product, current prices (National currency).",1.47,2011.00
Guinea-Bissau,Gross domestic product based on purchasing-power-parity (PPP) per capita GDP,Current international dollar,Units,"See notes for:  Gross domestic product, current prices (National currency) Population (Persons).",972.94,2004.00
Guyana,Gross domestic product based on purchasing-power-parity (PPP) valuation of country GDP,Current international dollar,Billions,"See notes for:  Gross domestic product, current prices (National currency).",4.29,2010.00
Guyana,Gross domestic product based on purchasing-power-parity (PPP) per capita GDP,Current international dollar,Units,"See notes for:  Gross domestic product, current prices (National currency) Population (Persons).",5638.82,2002.00
Haiti,Gross domestic product based on purchasing-power-parity (PPP) valuation of country GDP,Current international dollar,Billions,"See notes for:  Gross domestic product, current prices (National currency).",10.52,2009.00
Haiti,Gross domestic product based on purchasing-power-parity (PPP) per capita GDP,Current international dollar,Units,"See notes for:  Gross domestic product, current prices (National currency) Population (Persons).",1113.38,0.00
Honduras,Gross domestic product based on purchasing-power-parity (PPP) valuation of country GDP,Current international dollar,Billions,"See notes for:  Gross domestic product, current prices (National currency).",28.20,2010.00
Honduras,Gross domestic product based on purchasing-power-parity (PPP) per capita GDP,Current international dollar,Units,"See notes for:  Gross domestic product, current prices (National currency) Population (Persons).",3828.23,2001.00
Hong Kong SAR,Gross domestic product based on purchasing-power-parity (PPP) valuation of country GDP,Current international dollar,Billions,"See notes for:  Gross domestic product, current prices (National currency).",268.55,2011.00
Hong Kong SAR,Gross domestic product based on purchasing-power-parity (PPP) per capita GDP,Current international dollar,Units,"See notes for:  Gross domestic product, current prices (National currency) Population (Persons).",38704.90,2010.00
Hungary,Gross domestic product based on purchasing-power-parity (PPP) valuation of country GDP,Current international dollar,Billions,"See notes for:  Gross domestic product, current prices (National currency).",183.77,2011.00
Hungary,Gross domestic product based on purchasing-power-parity (PPP) per capita GDP,Current international dollar,Units,"See notes for:  Gross domestic product, current prices (National currency) Population (Persons).",18236.98,2011.00
Iceland,Gross domestic product based on purchasing-power-parity (PPP) valuation of country GDP,Current international dollar,Billions,"See notes for:  Gross domestic product, current prices (National currency).",11.42,2011.00
Iceland,Gross domestic product based on purchasing-power-parity (PPP) per capita GDP,Current international dollar,Units,"See notes for:  Gross domestic product, current prices (National currency) Population (Persons).",37126.83,2011.00
India,Gross domestic product based on purchasing-power-parity (PPP) valuation of country GDP,Current international dollar,Billions,"See notes for:  Gross domestic product, current prices (National currency).",2748.93,2011.00
India,Gross domestic product based on purchasing-power-parity (PPP) per capita GDP,Current international dollar,Units,"See notes for:  Gross domestic product, current prices (National currency) Population (Persons).",2441.32,2010.00
Indonesia,Gross domestic product based on purchasing-power-parity (PPP) valuation of country GDP,Current international dollar,Billions,"See notes for:  Gross domestic product, current prices (National currency).",767.99,2011.00
Indonesia,Gross domestic product based on purchasing-power-parity (PPP) per capita GDP,Current international dollar,Units,"See notes for:  Gross domestic product, current prices (National currency) Population (Persons).",3420.06,2011.00
Islamic Republic of Iran,Gross domestic product based on purchasing-power-parity (PPP) valuation of country GDP,Current international dollar,Billions,"See notes for:  Gross domestic product, current prices (National currency).",750.86,2010.00
Islamic Republic of Iran,Gross domestic product based on purchasing-power-parity (PPP) per capita GDP,Current international dollar,Units,"See notes for:  Gross domestic product, current prices (National currency) Population (Persons).",10651.14,2010.00
Iraq,Gross domestic product based on purchasing-power-parity (PPP) valuation of country GDP,Current international dollar,Billions,"See notes for:  Gross domestic product, current prices (National currency).",90.53,2010.00
Iraq,Gross domestic product based on purchasing-power-parity (PPP) per capita GDP,Current international dollar,Units,"See notes for:  Gross domestic product, current prices (National currency) Population (Persons).",3148.90,2004.00
Ireland,Gross domestic product based on purchasing-power-parity (PPP) valuation of country GDP,Current international dollar,Billions,"See notes for:  Gross domestic product, current prices (National currency).",173.75,2011.00
Ireland,Gross domestic product based on purchasing-power-parity (PPP) per capita GDP,Current international dollar,Units,"See notes for:  Gross domestic product, current prices (National currency) Population (Persons).",40980.62,2011.00
Israel,Gross domestic product based on purchasing-power-parity (PPP) valuation of country GDP,Current international dollar,Billions,"See notes for:  Gross domestic product, current prices (National currency).",176.32,2011.00
Israel,Gross domestic product based on purchasing-power-parity (PPP) per capita GDP,Current international dollar,Units,"See notes for:  Gross domestic product, current prices (National currency) Population (Persons).",25886.90,2010.00
Italy,Gross domestic product based on purchasing-power-parity (PPP) valuation of country GDP,Current international dollar,Billions,"See notes for:  Gross domestic product, current prices (National currency).",1731.87,2011.00
Italy,Gross domestic product based on purchasing-power-parity (PPP) per capita GDP,Current international dollar,Units,"See notes for:  Gross domestic product, current prices (National currency) Population (Persons).",29477.75,2010.00
Jamaica,Gross domestic product based on purchasing-power-parity (PPP) valuation of country GDP,Current international dollar,Billions,"See notes for:  Gross domestic product, current prices (National currency).",23.09,2011.00
Jamaica,Gross domestic product based on purchasing-power-parity (PPP) per capita GDP,Current international dollar,Units,"See notes for:  Gross domestic product, current prices (National currency) Population (Persons).",8607.45,2010.00
Japan,Gross domestic product based on purchasing-power-parity (PPP) valuation of country GDP,Current international dollar,Billions,"See notes for:  Gross domestic product, current prices (National currency).",4083.24,2011.00
Japan,Gross domestic product based on purchasing-power-parity (PPP) per capita GDP,Current international dollar,Units,"See notes for:  Gross domestic product, current prices (National currency) Population (Persons).",31963.68,2011.00
Jordan,Gross domestic product based on purchasing-power-parity (PPP) valuation of country GDP,Current international dollar,Billions,"See notes for:  Gross domestic product, current prices (National currency).",26.19,2010.00
Jordan,Gross domestic product based on purchasing-power-parity (PPP) per capita GDP,Current international dollar,Units,"See notes for:  Gross domestic product, current prices (National currency) Population (Persons).",4677.52,2009.00
Kazakhstan,Gross domestic product based on purchasing-power-parity (PPP) valuation of country GDP,Current international dollar,Billions,"See notes for:  Gross domestic product, current prices (National currency).",150.58,2011.00
Kazakhstan,Gross domestic product based on purchasing-power-parity (PPP) per capita GDP,Current international dollar,Units,"See notes for:  Gross domestic product, current prices (National currency) Population (Persons).",9781.20,2011.00
Kenya,Gross domestic product based on purchasing-power-parity (PPP) valuation of country GDP,Current international dollar,Billions,"See notes for:  Gross domestic product, current prices (National currency).",52.64,2010.00
Kenya,Gross domestic product based on purchasing-power-parity (PPP) per capita GDP,Current international dollar,Units,"See notes for:  Gross domestic product, current prices (National currency) Population (Persons).",1490.41,2010.00
Kiribati,Gross domestic product based on purchasing-power-parity (PPP) valuation of country GDP,Current international dollar,Billions,"See notes for:  Gross domestic product, current prices (National currency).",0.55,2009.00
Kiribati,Gross domestic product based on purchasing-power-parity (PPP) per capita GDP,Current international dollar,Units,"See notes for:  Gross domestic product, current prices (National currency) Population (Persons).",5870.81,2009.00
Korea,Gross domestic product based on purchasing-power-parity (PPP) valuation of country GDP,Current international dollar,Billions,"See notes for:  Gross domestic product, current prices (National currency).",1190.81,2010.00
Korea,Gross domestic product based on purchasing-power-parity (PPP) per capita GDP,Current international dollar,Units,"See notes for:  Gross domestic product, current prices (National currency) Population (Persons).",24655.92,2010.00
Kosovo,Gross domestic product based on purchasing-power-parity (PPP) valuation of country GDP,Current international dollar,Billions,"See notes for:  Gross domestic product, current prices (National currency).",9.19,2009.00
Kosovo,Gross domestic product based on purchasing-power-parity (PPP) per capita GDP,Current international dollar,Units,,,
Kuwait,Gross domestic product based on purchasing-power-parity (PPP) valuation of country GDP,Current international dollar,Billions,"See notes for:  Gross domestic product, current prices (National currency).",120.12,2010.00
Kuwait,Gross domestic product based on purchasing-power-parity (PPP) per capita GDP,Current international dollar,Units,"See notes for:  Gross domestic product, current prices (National currency) Population (Persons).",37738.31,2010.00
Kyrgyz Republic,Gross domestic product based on purchasing-power-parity (PPP) valuation of country GDP,Current international dollar,Billions,"See notes for:  Gross domestic product, current prices (National currency).",9.46,2011.00
Kyrgyz Republic,Gross domestic product based on purchasing-power-parity (PPP) per capita GDP,Current international dollar,Units,"See notes for:  Gross domestic product, current prices (National currency) Population (Persons).",1802.37,2010.00
Lao People's Democratic Republic,Gross domestic product based on purchasing-power-parity (PPP) valuation of country GDP,Current international dollar,Billions,"See notes for:  Gross domestic product, current prices (National currency).",10.86,2009.00
Lao People's Democratic Republic,Gross domestic product based on purchasing-power-parity (PPP) per capita GDP,Current international dollar,Units,"See notes for:  Gross domestic product, current prices (National currency) Population (Persons).",1815.83,2009.00
Latvia,Gross domestic product based on purchasing-power-parity (PPP) valuation of country GDP,Current international dollar,Billions,"See notes for:  Gross domestic product, current prices (National currency).",34.69,2011.00
Latvia,Gross domestic product based on purchasing-power-parity (PPP) per capita GDP,Current international dollar,Units,"See notes for:  Gross domestic product, current prices (National currency) Population (Persons).",15117.33,2010.00
Lebanon,Gross domestic product based on purchasing-power-parity (PPP) valuation of country GDP,Current international dollar,Billions,"See notes for:  Gross domestic product, current prices (National currency).",40.41,2010.00
Lebanon,Gross domestic product based on purchasing-power-parity (PPP) per capita GDP,Current international dollar,Units,"See notes for:  Gross domestic product, current prices (National currency) Population (Persons).",10750.99,2007.00
Lesotho,Gross domestic product based on purchasing-power-parity (PPP) valuation of country GDP,Current international dollar,Billions,"See notes for:  Gross domestic product, current prices (National currency).",2.76,2008.00
Lesotho,Gross domestic product based on purchasing-power-parity (PPP) per capita GDP,Current international dollar,Units,"See notes for:  Gross domestic product, current prices (National currency) Population (Persons).",1475.24,2006.00
Liberia,Gross domestic product based on purchasing-power-parity (PPP) valuation of country GDP,Current international dollar,Billions,"See notes for:  Gross domestic product, current prices (National currency).",1.23,2011.00
Liberia,Gross domestic product based on purchasing-power-parity (PPP) per capita GDP,Current international dollar,Units,"See notes for:  Gross domestic product, current prices (National currency) Population (Persons).",387.93,2009.00
Libya,Gross domestic product based on purchasing-power-parity (PPP) valuation of country GDP,Current international dollar,Billions,"See notes for:  Gross domestic product, current prices (National currency).",75.47,2009.00
Libya,Gross domestic product based on purchasing-power-parity (PPP) per capita GDP,Current international dollar,Units,"See notes for:  Gross domestic product, current prices (National currency) Population (Persons).",12483.98,2008.00
Lithuania,Gross domestic product based on purchasing-power-parity (PPP) valuation of country GDP,Current international dollar,Billions,"See notes for:  Gross domestic product, current prices (National currency).",54.28,2011.00
Lithuania,Gross domestic product based on purchasing-power-parity (PPP) per capita GDP,Current international dollar,Units,"See notes for:  Gross domestic product, current prices (National currency) Population (Persons).",15993.33,2011.00
Luxembourg,Gross domestic product based on purchasing-power-parity (PPP) valuation of country GDP,Current international dollar,Billions,"See notes for:  Gross domestic product, current prices (National currency).",35.57,2011.00
Luxembourg,Gross domestic product based on purchasing-power-parity (PPP) per capita GDP,Current international dollar,Units,"See notes for:  Gross domestic product, current prices (National currency) Population (Persons).",75334.16,2011.00
Former Yugoslav Republic of Macedonia,Gross domestic product based on purchasing-power-parity (PPP) valuation of country GDP,Current international dollar,Billions,"See notes for:  Gross domestic product, current prices (National currency).",16.78,2011.00
Former Yugoslav Republic of Macedonia,Gross domestic product based on purchasing-power-parity (PPP) per capita GDP,Current international dollar,Units,"See notes for:  Gross domestic product, current prices (National currency) Population (Persons).",8223.71,2010.00
Madagascar,Gross domestic product based on purchasing-power-parity (PPP) valuation of country GDP,Current international dollar,Billions,"See notes for:  Gross domestic product, current prices (National currency).",16.85,2010.00
Madagascar,Gross domestic product based on purchasing-power-parity (PPP) per capita GDP,Current international dollar,Units,"See notes for:  Gross domestic product, current prices (National currency) Population (Persons).",879.21,2006.00
Malawi,Gross domestic product based on purchasing-power-parity (PPP) valuation of country GDP,Current international dollar,Billions,"See notes for:  Gross domestic product, current prices (National currency).",8.71,2009.00
Malawi,Gross domestic product based on purchasing-power-parity (PPP) per capita GDP,Current international dollar,Units,"See notes for:  Gross domestic product, current prices (National currency) Population (Persons).",620.38,2009.00
Malaysia,Gross domestic product based on purchasing-power-parity (PPP) valuation of country GDP,Current international dollar,Billions,"See notes for:  Gross domestic product, current prices (National currency).",329.24,2011.00
Malaysia,Gross domestic product based on purchasing-power-parity (PPP) per capita GDP,Current international dollar,Units,"See notes for:  Gross domestic product, current prices (National currency) Population (Persons).",12270.45,2010.00
Maldives,Gross domestic product based on purchasing-power-parity (PPP) valuation of country GDP,Current international dollar,Billions,"See notes for:  Gross domestic product, current prices (National currency).",1.93,2009.00
Maldives,Gross domestic product based on purchasing-power-parity (PPP) per capita GDP,Current international dollar,Units,"See notes for:  Gross domestic product, current prices (National currency) Population (Persons).",6449.28,2006.00
Mali,Gross domestic product based on purchasing-power-parity (PPP) valuation of country GDP,Current international dollar,Billions,"See notes for:  Gross domestic product, current prices (National currency).",13.10,2011.00
Mali,Gross domestic product based on purchasing-power-parity (PPP) per capita GDP,Current international dollar,Units,"See notes for:  Gross domestic product, current prices (National currency) Population (Persons).",963.45,2010.00
Malta,Gross domestic product based on purchasing-power-parity (PPP) valuation of country GDP,Current international dollar,Billions,"See notes for:  Gross domestic product, current prices (National currency).",8.88,2010.00
Malta,Gross domestic product based on purchasing-power-parity (PPP) per capita GDP,Current international dollar,Units,"See notes for:  Gross domestic product, current prices (National currency) Population (Persons).",21844.96,2008.00
Mauritania,Gross domestic product based on purchasing-power-parity (PPP) valuation of country GDP,Current international dollar,Billions,"See notes for:  Gross domestic product, current prices (National currency).",5.74,2009.00
Mauritania,Gross domestic product based on purchasing-power-parity (PPP) per capita GDP,Current international dollar,Units,"See notes for:  Gross domestic product, current prices (National currency) Population (Persons).",1985.65,2009.00
Mauritius,Gross domestic product based on purchasing-power-parity (PPP) valuation of country GDP,Current international dollar,Billions,"See notes for:  Gross domestic product, current prices (National currency).",14.07,2010.00
Mauritius,Gross domestic product based on purchasing-power-parity (PPP) per capita GDP,Current international dollar,Units,"See notes for:  Gross domestic product, current prices (National currency) Population (Persons).",11231.12,2010.00
Mexico,Gross domestic product based on purchasing-power-parity (PPP) valuation of country GDP,Current international dollar,Billions,"See notes for:  Gross domestic product, current prices (National currency).",1408.41,2010.00
Mexico,Gross domestic product based on purchasing-power-parity (PPP) per capita GDP,Current international dollar,Units,"See notes for:  Gross domestic product, current prices (National currency) Population (Persons).",13367.19,2010.00
Moldova,Gross domestic product based on purchasing-power-parity (PPP) valuation of country GDP,Current international dollar,Billions,"See notes for:  Gross domestic product, current prices (National currency).",9.19,2011.00
Moldova,Gross domestic product based on purchasing-power-parity (PPP) per capita GDP,Current international dollar,Units,"See notes for:  Gross domestic product, current prices (National currency) Population (Persons).",2571.01,2011.00
Mongolia,Gross domestic product based on purchasing-power-parity (PPP) valuation of country GDP,Current international dollar,Billions,"See notes for:  Gross domestic product, current prices (National currency).",8.17,2010.00
Mongolia,Gross domestic product based on purchasing-power-parity (PPP) per capita GDP,Current international dollar,Units,"See notes for:  Gross domestic product, current prices (National currency) Population (Persons).",3168.21,2009.00
Montenegro,Gross domestic product based on purchasing-power-parity (PPP) valuation of country GDP,Current international dollar,Billions,"See notes for:  Gross domestic product, current prices (National currency).",5.56,2009.00
Montenegro,Gross domestic product based on purchasing-power-parity (PPP) per capita GDP,Current international dollar,Units,"See notes for:  Gross domestic product, current prices (National currency) Population (Persons).",8909.59,2009.00
Morocco,Gross domestic product based on purchasing-power-parity (PPP) valuation of country GDP,Current international dollar,Billions,"See notes for:  Gross domestic product, current prices (National currency).",120.33,2011.00
Morocco,Gross domestic product based on purchasing-power-parity (PPP) per capita GDP,Current international dollar,Units,"See notes for:  Gross domestic product, current prices (National currency) Population (Persons).",3944.52,2010.00
Mozambique,Gross domestic product based on purchasing-power-parity (PPP) valuation of country GDP,Current international dollar,Billions,"See notes for:  Gross domestic product, current prices (National currency).",15.60,2011.00
Mozambique,Gross domestic product based on purchasing-power-parity (PPP) per capita GDP,Current international dollar,Units,"See notes for:  Gross domestic product, current prices (National currency) Population (Persons).",782.37,2010.00
Myanmar,Gross domestic product based on purchasing-power-parity (PPP) valuation of country GDP,Current international dollar,Billions,"See notes for:  Gross domestic product, current prices (National currency).",55.56,2010.00
Myanmar,Gross domestic product based on purchasing-power-parity (PPP) per capita GDP,Current international dollar,Units,"See notes for:  Gross domestic product, current prices (National currency) Population (Persons).",983.19,2006.00
Namibia,Gross domestic product based on purchasing-power-parity (PPP) valuation of country GDP,Current international dollar,Billions,"See notes for:  Gross domestic product, current prices (National currency).",11.97,2009.00
Namibia,Gross domestic product based on purchasing-power-parity (PPP) per capita GDP,Current international dollar,Units,"See notes for:  Gross domestic product, current prices (National currency) Population (Persons).",6007.48,2008.00
Nepal,Gross domestic product based on purchasing-power-parity (PPP) valuation of country GDP,Current international dollar,Billions,"See notes for:  Gross domestic product, current prices (National currency).",27.77,2010.00
Nepal,Gross domestic product based on purchasing-power-parity (PPP) per capita GDP,Current international dollar,Units,"See notes for:  Gross domestic product, current prices (National currency) Population (Persons).",1024.13,2005.00
Netherlands,Gross domestic product based on purchasing-power-parity (PPP) valuation of country GDP,Current international dollar,Billions,"See notes for:  Gross domestic product, current prices (National currency).",610.04,2011.00
Netherlands,Gross domestic product based on purchasing-power-parity (PPP) per capita GDP,Current international dollar,Units,"See notes for:  Gross domestic product, current prices (National currency) Population (Persons).",37320.25,2010.00
New Zealand,Gross domestic product based on purchasing-power-parity (PPP) valuation of country GDP,Current international dollar,Billions,"See notes for:  Gross domestic product, current prices (National currency).",107.69,2011.00
New Zealand,Gross domestic product based on purchasing-power-parity (PPP) per capita GDP,Current international dollar,Units,"See notes for:  Gross domestic product, current prices (National currency) Population (Persons).",25688.96,2011.00
Nicaragua,Gross domestic product based on purchasing-power-parity (PPP) valuation of country GDP,Current international dollar,Billions,"See notes for:  Gross domestic product, current prices (National currency).",14.98,2010.00
Nicaragua,Gross domestic product based on purchasing-power-parity (PPP) per capita GDP,Current international dollar,Units,"See notes for:  Gross domestic product, current prices (National currency) Population (Persons).",2712.86,2007.00
Niger,Gross domestic product based on purchasing-power-parity (PPP) valuation of country GDP,Current international dollar,Billions,"See notes for:  Gross domestic product, current prices (National currency).",8.56,2010.00
Niger,Gross domestic product based on purchasing-power-parity (PPP) per capita GDP,Current international dollar,Units,"See notes for:  Gross domestic product, current prices (National currency) Population (Persons).",661.26,2005.00
Nigeria,Gross domestic product based on purchasing-power-parity (PPP) valuation of country GDP,Current international dollar,Billions,"See notes for:  Gross domestic product, current prices (National currency).",268.23,2011.00
Nigeria,Gross domestic product based on purchasing-power-parity (PPP) per capita GDP,Current international dollar,Units,"See notes for:  Gross domestic product, current prices (National currency) Population (Persons).",1915.90,2006.00
Norway,Gross domestic product based on purchasing-power-parity (PPP) valuation of country GDP,Current international dollar,Billions,"See notes for:  Gross domestic product, current prices (National currency).",234.34,2011.00
Norway,Gross domestic product based on purchasing-power-parity (PPP) per capita GDP,Current international dollar,Units,"See notes for:  Gross domestic product, current prices (National currency) Population (Persons).",50160.49,2011.00
Oman,Gross domestic product based on purchasing-power-parity (PPP) valuation of country GDP,Current international dollar,Billions,"See notes for:  Gross domestic product, current prices (National currency).",56.48,2009.00
Oman,Gross domestic product based on purchasing-power-parity (PPP) per capita GDP,Current international dollar,Units,"See notes for:  Gross domestic product, current prices (National currency) Population (Persons).",21152.80,2008.00
Pakistan,Gross domestic product based on purchasing-power-parity (PPP) valuation of country GDP,Current international dollar,Billions,"See notes for:  Gross domestic product, current prices (National currency).",371.74,2011.00
Pakistan,Gross domestic product based on purchasing-power-parity (PPP) per capita GDP,Current international dollar,Units,"See notes for:  Gross domestic product, current prices (National currency) Population (Persons).",2392.59,2011.00
Panama,Gross domestic product based on purchasing-power-parity (PPP) valuation of country GDP,Current international dollar,Billions,"See notes for:  Gross domestic product, current prices (National currency).",30.21,2011.00
Panama,Gross domestic product based on purchasing-power-parity (PPP) per capita GDP,Current international dollar,Units,"See notes for:  Gross domestic product, current prices (National currency) Population (Persons).",9200.43,2010.00
Papua New Guinea,Gross domestic product based on purchasing-power-parity (PPP) valuation of country GDP,Current international dollar,Billions,"See notes for:  Gross domestic product, current prices (National currency).",10.81,2011.00
Papua New Guinea,Gross domestic product based on purchasing-power-parity (PPP) per capita GDP,Current international dollar,Units,"See notes for:  Gross domestic product, current prices (National currency) Population (Persons).",1826.99,2011.00
Paraguay,Gross domestic product based on purchasing-power-parity (PPP) valuation of country GDP,Current international dollar,Billions,"See notes for:  Gross domestic product, current prices (National currency).",24.81,2010.00
Paraguay,Gross domestic product based on purchasing-power-parity (PPP) per capita GDP,Current international dollar,Units,"See notes for:  Gross domestic product, current prices (National currency) Population (Persons).",4194.91,2008.00
Peru,Gross domestic product based on purchasing-power-parity (PPP) valuation of country GDP,Current international dollar,Billions,"See notes for:  Gross domestic product, current prices (National currency).",196.01,2011.00
Peru,Gross domestic product based on purchasing-power-parity (PPP) per capita GDP,Current international dollar,Units,"See notes for:  Gross domestic product, current prices (National currency) Population (Persons).",7091.57,2009.00
Philippines,Gross domestic product based on purchasing-power-parity (PPP) valuation of country GDP,Current international dollar,Billions,"See notes for:  Gross domestic product, current prices (National currency).",283.54,2011.00
Philippines,Gross domestic product based on purchasing-power-parity (PPP) per capita GDP,Current international dollar,Units,"See notes for:  Gross domestic product, current prices (National currency) Population (Persons).",3260.21,2010.00
Poland,Gross domestic product based on purchasing-power-parity (PPP) valuation of country GDP,Current international dollar,Billions,"See notes for:  Gross domestic product, current prices (National currency).",567.99,2011.00
Poland,Gross domestic product based on purchasing-power-parity (PPP) per capita GDP,Current international dollar,Units,"See notes for:  Gross domestic product, current prices (National currency) Population (Persons).",14899.89,2011.00
Portugal,Gross domestic product based on purchasing-power-parity (PPP) valuation of country GDP,Current international dollar,Billions,"See notes for:  Gross domestic product, current prices (National currency).",228.38,2010.00
Portugal,Gross domestic product based on purchasing-power-parity (PPP) per capita GDP,Current international dollar,Units,"See notes for:  Gross domestic product, current prices (National currency) Population (Persons).",21607.63,2010.00
Qatar,Gross domestic product based on purchasing-power-parity (PPP) valuation of country GDP,Current international dollar,Billions,"See notes for:  Gross domestic product, current prices (National currency).",76.95,2011.00
Qatar,Gross domestic product based on purchasing-power-parity (PPP) per capita GDP,Current international dollar,Units,"See notes for:  Gross domestic product, current prices (National currency) Population (Persons).",73863.43,2011.00
Romania,Gross domestic product based on purchasing-power-parity (PPP) valuation of country GDP,Current international dollar,Billions,"See notes for:  Gross domestic product, current prices (National currency).",226.43,2010.00
Romania,Gross domestic product based on purchasing-power-parity (PPP) per capita GDP,Current international dollar,Units,"See notes for:  Gross domestic product, current prices (National currency) Population (Persons).",10495.05,2010.00
Russia,Gross domestic product based on purchasing-power-parity (PPP) valuation of country GDP,Current international dollar,Billions,"See notes for:  Gross domestic product, current prices (National currency).",1894.37,2011.00
Russia,Gross domestic product based on purchasing-power-parity (PPP) per capita GDP,Current international dollar,Units,"See notes for:  Gross domestic product, current prices (National currency) Population (Persons).",13321.87,2011.00
Rwanda,Gross domestic product based on purchasing-power-parity (PPP) valuation of country GDP,Current international dollar,Billions,"See notes for:  Gross domestic product, current prices (National currency).",8.72,2010.00
Rwanda,Gross domestic product based on purchasing-power-parity (PPP) per capita GDP,Current international dollar,Units,"See notes for:  Gross domestic product, current prices (National currency) Population (Persons).",947.77,2010.00
Samoa,Gross domestic product based on purchasing-power-parity (PPP) valuation of country GDP,Current international dollar,Billions,"See notes for:  Gross domestic product, current prices (National currency).",0.97,2009.00
Samoa,Gross domestic product based on purchasing-power-parity (PPP) per capita GDP,Current international dollar,Units,"See notes for:  Gross domestic product, current prices (National currency) Population (Persons).",5388.17,2008.00
São Tomé and Príncipe,Gross domestic product based on purchasing-power-parity (PPP) valuation of country GDP,Current international dollar,Billions,"See notes for:  Gross domestic product, current prices (National currency).",0.27,2010.00
São Tomé and Príncipe,Gross domestic product based on purchasing-power-parity (PPP) per capita GDP,Current international dollar,Units,"See notes for:  Gross domestic product, current prices (National currency) Population (Persons).",1756.87,2008.00
Saudi Arabia,Gross domestic product based on purchasing-power-parity (PPP) valuation of country GDP,Current international dollar,Billions,"See notes for:  Gross domestic product, current prices (National currency).",522.83,2011.00
Saudi Arabia,Gross domestic product based on purchasing-power-parity (PPP) per capita GDP,Current international dollar,Units,"See notes for:  Gross domestic product, current prices (National currency) Population (Persons).",21674.44,2010.00
Senegal,Gross domestic product based on purchasing-power-parity (PPP) valuation of country GDP,Current international dollar,Billions,"See notes for:  Gross domestic product, current prices (National currency).",19.30,2011.00
Senegal,Gross domestic product based on purchasing-power-parity (PPP) per capita GDP,Current international dollar,Units,"See notes for:  Gross domestic product, current prices (National currency) Population (Persons).",1616.70,2009.00
Serbia,Gross domestic product based on purchasing-power-parity (PPP) valuation of country GDP,Current international dollar,Billions,"See notes for:  Gross domestic product, current prices (National currency).",66.17,2010.00
Serbia,Gross domestic product based on purchasing-power-parity (PPP) per capita GDP,Current international dollar,Units,"See notes for:  Gross domestic product, current prices (National currency) Population (Persons).",8927.95,2002.00
Seychelles,Gross domestic product based on purchasing-power-parity (PPP) valuation of country GDP,Current international dollar,Billions,"See notes for:  Gross domestic product, current prices (National currency).",1.67,2009.00
Seychelles,Gross domestic product based on purchasing-power-parity (PPP) per capita GDP,Current international dollar,Units,"See notes for:  Gross domestic product, current prices (National currency) Population (Persons).",19736.86,2009.00
Sierra Leone,Gross domestic product based on purchasing-power-parity (PPP) valuation of country GDP,Current international dollar,Billions,"See notes for:  Gross domestic product, current prices (National currency).",3.62,2010.00
Sierra Leone,Gross domestic product based on purchasing-power-parity (PPP) per capita GDP,Current international dollar,Units,"See notes for:  Gross domestic product, current prices (National currency) Population (Persons).",686.65,2010.00
Singapore,Gross domestic product based on purchasing-power-parity (PPP) valuation of country GDP,Current international dollar,Billions,"See notes for:  Gross domestic product, current prices (National currency).",217.32,2011.00
Singapore,Gross domestic product based on purchasing-power-parity (PPP) per capita GDP,Current international dollar,Units,"See notes for:  Gross domestic product, current prices (National currency) Population (Persons).",47360.74,2010.00
Slovak Republic,Gross domestic product based on purchasing-power-parity (PPP) valuation of country GDP,Current international dollar,Billions,"See notes for:  Gross domestic product, current prices (National currency).",96.63,2011.00
Slovak Republic,Gross domestic product based on purchasing-power-parity (PPP) per capita GDP,Current international dollar,Units,"See notes for:  Gross domestic product, current prices (National currency) Population (Persons).",17915.34,2010.00
Slovenia,Gross domestic product based on purchasing-power-parity (PPP) valuation of country GDP,Current international dollar,Billions,"See notes for:  Gross domestic product, current prices (National currency).",51.15,2011.00
Slovenia,Gross domestic product based on purchasing-power-parity (PPP) per capita GDP,Current international dollar,Units,"See notes for:  Gross domestic product, current prices (National currency) Population (Persons).",25443.64,2011.00
Solomon Islands,Gross domestic product based on purchasing-power-parity (PPP) valuation of country GDP,Current international dollar,Billions,"See notes for:  Gross domestic product, current prices (National currency).",1.24,2010.00
Solomon Islands,Gross domestic product based on purchasing-power-parity (PPP) per capita GDP,Current international dollar,Units,"See notes for:  Gross domestic product, current prices (National currency) Population (Persons).",2571.98,2009.00
South Africa,Gross domestic product based on purchasing-power-parity (PPP) valuation of country GDP,Current international dollar,Billions,"See notes for:  Gross domestic product, current prices (National currency).",442.34,2010.00
South Africa,Gross domestic product based on purchasing-power-parity (PPP) per capita GDP,Current international dollar,Units,"See notes for:  Gross domestic product, current prices (National currency) Population (Persons).",9333.84,2008.00
Spain,Gross domestic product based on purchasing-power-parity (PPP) valuation of country GDP,Current international dollar,Billions,"See notes for:  Gross domestic product, current prices (National currency).",1272.72,2010.00
Spain,Gross domestic product based on purchasing-power-parity (PPP) per capita GDP,Current international dollar,Units,"See notes for:  Gross domestic product, current prices (National currency) Population (Persons).",29085.27,2010.00
Sri Lanka,Gross domestic product based on purchasing-power-parity (PPP) valuation of country GDP,Current international dollar,Billions,"See notes for:  Gross domestic product, current prices (National currency).",77.51,2011.00
Sri Lanka,Gross domestic product based on purchasing-power-parity (PPP) per capita GDP,Current international dollar,Units,"See notes for:  Gross domestic product, current prices (National currency) Population (Persons).",3920.10,2011.00
St. Kitts and Nevis,Gross domestic product based on purchasing-power-parity (PPP) valuation of country GDP,Current international dollar,Billions,"See notes for:  Gross domestic product, current prices (National currency).",0.81,2010.00
St. Kitts and Nevis,Gross domestic product based on purchasing-power-parity (PPP) per capita GDP,Current international dollar,Units,"See notes for:  Gross domestic product, current prices (National currency) Population (Persons).",15921.22,2003.00
St. Lucia,Gross domestic product based on purchasing-power-parity (PPP) valuation of country GDP,Current international dollar,Billions,"See notes for:  Gross domestic product, current prices (National currency).",1.74,2010.00
St. Lucia,Gross domestic product based on purchasing-power-parity (PPP) per capita GDP,Current international dollar,Units,"See notes for:  Gross domestic product, current prices (National currency) Population (Persons).",10742.05,2010.00
St. Vincent and the Grenadines,Gross domestic product based on purchasing-power-parity (PPP) valuation of country GDP,Current international dollar,Billions,"See notes for:  Gross domestic product, current prices (National currency).",1.17,2010.00
St. Vincent and the Grenadines,Gross domestic product based on purchasing-power-parity (PPP) per capita GDP,Current international dollar,Units,"See notes for:  Gross domestic product, current prices (National currency) Population (Persons).",10775.26,2001.00
Sudan,Gross domestic product based on purchasing-power-parity (PPP) valuation of country GDP,Current international dollar,Billions,"See notes for:  Gross domestic product, current prices (National currency).",68.18,2010.00
Sudan,Gross domestic product based on purchasing-power-parity (PPP) per capita GDP,Current international dollar,Units,"See notes for:  Gross domestic product, current prices (National currency) Population (Persons).",1882.52,2006.00
Suriname,Gross domestic product based on purchasing-power-parity (PPP) valuation of country GDP,Current international dollar,Billions,"See notes for:  Gross domestic product, current prices (National currency).",3.74,2009.00
Suriname,Gross domestic product based on purchasing-power-parity (PPP) per capita GDP,Current international dollar,Units,"See notes for:  Gross domestic product, current prices (National currency) Population (Persons).",7422.77,2007.00
Swaziland,Gross domestic product based on purchasing-power-parity (PPP) valuation of country GDP,Current international dollar,Billions,"See notes for:  Gross domestic product, current prices (National currency).",5.18,2009.00
Swaziland,Gross domestic product based on purchasing-power-parity (PPP) per capita GDP,Current international dollar,Units,"See notes for:  Gross domestic product, current prices (National currency) Population (Persons).",4553.71,2008.00
Sweden,Gross domestic product based on purchasing-power-parity (PPP) valuation of country GDP,Current international dollar,Billions,"See notes for:  Gross domestic product, current prices (National currency).",323.39,2011.00
Sweden,Gross domestic product based on purchasing-power-parity (PPP) per capita GDP,Current international dollar,Units,"See notes for:  Gross domestic product, current prices (National currency) Population (Persons).",35485.19,2011.00
Switzerland,Gross domestic product based on purchasing-power-parity (PPP) valuation of country GDP,Current international dollar,Billions,"See notes for:  Gross domestic product, current prices (National currency).",284.95,2011.00
Switzerland,Gross domestic product based on purchasing-power-parity (PPP) per capita GDP,Current international dollar,Units,"See notes for:  Gross domestic product, current prices (National currency) Population (Persons).",38075.49,2009.00
Syrian Arab Republic,Gross domestic product based on purchasing-power-parity (PPP) valuation of country GDP,Current international dollar,Billions,"See notes for:  Gross domestic product, current prices (National currency).",82.92,2010.00
Syrian Arab Republic,Gross domestic product based on purchasing-power-parity (PPP) per capita GDP,Current international dollar,Units,"See notes for:  Gross domestic product, current prices (National currency) Population (Persons).",4231.27,2010.00
Taiwan Province of China,Gross domestic product based on purchasing-power-parity (PPP) valuation of country GDP,Current international dollar,Billions,"See notes for:  Gross domestic product, current prices (National currency).",660.68,2011.00
Taiwan Province of China,Gross domestic product based on purchasing-power-parity (PPP) per capita GDP,Current international dollar,Units,"See notes for:  Gross domestic product, current prices (National currency) Population (Persons).",28880.34,2011.00
Tajikistan,Gross domestic product based on purchasing-power-parity (PPP) valuation of country GDP,Current international dollar,Billions,"See notes for:  Gross domestic product, current prices (National currency).",10.69,2011.00
Tajikistan,Gross domestic product based on purchasing-power-parity (PPP) per capita GDP,Current international dollar,Units,"See notes for:  Gross domestic product, current prices (National currency) Population (Persons).",1512.79,2011.00
Tanzania,Gross domestic product based on purchasing-power-parity (PPP) valuation of country GDP,Current international dollar,Billions,"See notes for:  Gross domestic product, current prices (National currency).",41.81,2010.00
Tanzania,Gross domestic product based on purchasing-power-parity (PPP) per capita GDP,Current international dollar,Units,"See notes for:  Gross domestic product, current prices (National currency) Population (Persons).",1094.44,2006.00
Thailand,Gross domestic product based on purchasing-power-parity (PPP) valuation of country GDP,Current international dollar,Billions,"See notes for:  Gross domestic product, current prices (National currency).",483.22,2011.00
Thailand,Gross domestic product based on purchasing-power-parity (PPP) per capita GDP,Current international dollar,Units,"See notes for:  Gross domestic product, current prices (National currency) Population (Persons).",7691.06,2011.00
Democratic Republic of Timor-Leste,Gross domestic product based on purchasing-power-parity (PPP) valuation of country GDP,Current international dollar,Billions,"See notes for:  Gross domestic product, current prices (National currency).",4.95,2007.00
Democratic Republic of Timor-Leste,Gross domestic product based on purchasing-power-parity (PPP) per capita GDP,Current international dollar,Units,"See notes for:  Gross domestic product, current prices (National currency) Population (Persons).",5111.72,2007.00
Togo,Gross domestic product based on purchasing-power-parity (PPP) valuation of country GDP,Current international dollar,Billions,"See notes for:  Gross domestic product, current prices (National currency).",4.98,2009.00
Togo,Gross domestic product based on purchasing-power-parity (PPP) per capita GDP,Current international dollar,Units,"See notes for:  Gross domestic product, current prices (National currency) Population (Persons).",790.31,2009.00
Tonga,Gross domestic product based on purchasing-power-parity (PPP) valuation of country GDP,Current international dollar,Billions,"See notes for:  Gross domestic product, current prices (National currency).",0.68,2009.00
Tonga,Gross domestic product based on purchasing-power-parity (PPP) per capita GDP,Current international dollar,Units,"See notes for:  Gross domestic product, current prices (National currency) Population (Persons).",6684.82,2006.00
Trinidad and Tobago,Gross domestic product based on purchasing-power-parity (PPP) valuation of country GDP,Current international dollar,Billions,"See notes for:  Gross domestic product, current prices (National currency).",23.53,2010.00
Trinidad and Tobago,Gross domestic product based on purchasing-power-parity (PPP) per capita GDP,Current international dollar,Units,"See notes for:  Gross domestic product, current prices (National currency) Population (Persons).",18129.41,2010.00
Tunisia,Gross domestic product based on purchasing-power-parity (PPP) valuation of country GDP,Current international dollar,Billions,"See notes for:  Gross domestic product, current prices (National currency).",78.56,2010.00
Tunisia,Gross domestic product based on purchasing-power-parity (PPP) per capita GDP,Current international dollar,Units,"See notes for:  Gross domestic product, current prices (National currency) Population (Persons).",7757.18,2010.00
Turkey,Gross domestic product based on purchasing-power-parity (PPP) valuation of country GDP,Current international dollar,Billions,"See notes for:  Gross domestic product, current prices (National currency).",824.66,2010.00
Turkey,Gross domestic product based on purchasing-power-parity (PPP) per capita GDP,Current international dollar,Units,"See notes for:  Gross domestic product, current prices (National currency) Population (Persons).",11883.51,2010.00
Turkmenistan,Gross domestic product based on purchasing-power-parity (PPP) valuation of country GDP,Current international dollar,Billions,"See notes for:  Gross domestic product, current prices (National currency).",23.31,2010.00
Turkmenistan,Gross domestic product based on purchasing-power-parity (PPP) per capita GDP,Current international dollar,Units,"See notes for:  Gross domestic product, current prices (National currency) Population (Persons).",4567.41,2007.00
Tuvalu,Gross domestic product based on purchasing-power-parity (PPP) valuation of country GDP,Current international dollar,Billions,"See notes for:  Gross domestic product, current prices (National currency).",0.03,2010.00
Tuvalu,Gross domestic product based on purchasing-power-parity (PPP) per capita GDP,Current international dollar,Units,"See notes for:  Gross domestic product, current prices (National currency) Population (Persons).",2689.54,2010.00
Uganda,Gross domestic product based on purchasing-power-parity (PPP) valuation of country GDP,Current international dollar,Billions,"See notes for:  Gross domestic product, current prices (National currency).",29.58,2010.00
Uganda,Gross domestic product based on purchasing-power-parity (PPP) per capita GDP,Current international dollar,Units,"See notes for:  Gross domestic product, current prices (National currency) Population (Persons).",997.52,2010.00
Ukraine,Gross domestic product based on purchasing-power-parity (PPP) valuation of country GDP,Current international dollar,Billions,"See notes for:  Gross domestic product, current prices (National currency).",291.33,2010.00
Ukraine,Gross domestic product based on purchasing-power-parity (PPP) per capita GDP,Current international dollar,Units,"See notes for:  Gross domestic product, current prices (National currency) Population (Persons).",6231.66,2010.00
United Arab Emirates,Gross domestic product based on purchasing-power-parity (PPP) valuation of country GDP,Current international dollar,Billions,"See notes for:  Gross domestic product, current prices (National currency).",205.20,2010.00
United Arab Emirates,Gross domestic product based on purchasing-power-parity (PPP) per capita GDP,Current international dollar,Units,"See notes for:  Gross domestic product, current prices (National currency) Population (Persons).",48522.04,2009.00
United Kingdom,Gross domestic product based on purchasing-power-parity (PPP) valuation of country GDP,Current international dollar,Billions,"See notes for:  Gross domestic product, current prices (National currency).",2047.51,2011.00
United Kingdom,Gross domestic product based on purchasing-power-parity (PPP) per capita GDP,Current international dollar,Units,"See notes for:  Gross domestic product, current prices (National currency) Population (Persons).",33794.47,2007.00
United States,Gross domestic product based on purchasing-power-parity (PPP) valuation of country GDP,Current international dollar,Billions,"See notes for:  Gross domestic product, current prices (National currency).",13377.20,2011.00
United States,Gross domestic product based on purchasing-power-parity (PPP) per capita GDP,Current international dollar,Units,"See notes for:  Gross domestic product, current prices (National currency) Population (Persons).",44750.29,2011.00
Uruguay,Gross domestic product based on purchasing-power-parity (PPP) valuation of country GDP,Current international dollar,Billions,"See notes for:  Gross domestic product, current prices (National currency).",34.44,2010.00
Uruguay,Gross domestic product based on purchasing-power-parity (PPP) per capita GDP,Current international dollar,Units,"See notes for:  Gross domestic product, current prices (National currency) Population (Persons).",10390.76,2005.00
Uzbekistan,Gross domestic product based on purchasing-power-parity (PPP) valuation of country GDP,Current international dollar,Billions,"See notes for:  Gross domestic product, current prices (National currency).",57.21,2011.00
Uzbekistan,Gross domestic product based on purchasing-power-parity (PPP) per capita GDP,Current international dollar,Units,"See notes for:  Gross domestic product, current prices (National currency) Population (Persons).",2137.82,2010.00
Vanuatu,Gross domestic product based on purchasing-power-parity (PPP) valuation of country GDP,Current international dollar,Billions,"See notes for:  Gross domestic product, current prices (National currency).",0.89,2009.00
Vanuatu,Gross domestic product based on purchasing-power-parity (PPP) per capita GDP,Current international dollar,Units,"See notes for:  Gross domestic product, current prices (National currency) Population (Persons).",4055.97,2009.00
Venezuela,Gross domestic product based on purchasing-power-parity (PPP) valuation of country GDP,Current international dollar,Billions,"See notes for:  Gross domestic product, current prices (National currency).",299.54,2010.00
Venezuela,Gross domestic product based on purchasing-power-parity (PPP) per capita GDP,Current international dollar,Units,"See notes for:  Gross domestic product, current prices (National currency) Population (Persons).",11110.40,2010.00
Vietnam,Gross domestic product based on purchasing-power-parity (PPP) valuation of country GDP,Current international dollar,Billions,"See notes for:  Gross domestic product, current prices (National currency).",198.95,2011.00
Vietnam,Gross domestic product based on purchasing-power-parity (PPP) per capita GDP,Current international dollar,Units,"See notes for:  Gross domestic product, current prices (National currency) Population (Persons).",2364.11,2007.00
Republic of Yemen,Gross domestic product based on purchasing-power-parity (PPP) valuation of country GDP,Current international dollar,Billions,"See notes for:  Gross domestic product, current prices (National currency).",49.21,2008.00
Republic of Yemen,Gross domestic product based on purchasing-power-parity (PPP) per capita GDP,Current international dollar,Units,"See notes for:  Gross domestic product, current prices (National currency) Population (Persons).",2276.07,2008.00
Zambia,Gross domestic product based on purchasing-power-parity (PPP) valuation of country GDP,Current international dollar,Billions,"See notes for:  Gross domestic product, current prices (National currency).",14.55,2011.00
Zambia,Gross domestic product based on purchasing-power-parity (PPP) per capita GDP,Current international dollar,Units,"See notes for:  Gross domestic product, current prices (National currency) Population (Persons).",1210.60,2010.00
Zimbabwe,Gross domestic product based on purchasing-power-parity (PPP) valuation of country GDP,Current international dollar,Billions,"See notes for:  Gross domestic product, current prices (National currency).",5.62,2009.00
Zimbabwe,Gross domestic product based on purchasing-power-parity (PPP) per capita GDP,Current international dollar,Units,"See notes for:  Gross domestic product, current prices (National currency) Population (Persons).",451.11,2000.00
,,,,,,
"International Monetary Fund, World Economic Outlook Database, April 2012",,,,,,
